<c3p0-config>
  <default-config>
     <property name="driverClass">com.mysql.jdbc.Driver</property> 
     <!--<property name="jdbcUrl">jdbc:mysql:///hotel?useUnicode=true&characterEncoding=utf8</property>--> 
     <property name="jdbcUrl"><![CDATA[jdbc:mysql://localhost:3306/hotel?useUnicode=true&characterEncoding=utf8]]></property>
     <property name="user">root</property> 
     <property name="password">orcl</property> 
     <property name="initialPoolSize">5</property> 
     <property name="maxPoolSize">10</property> 

  </default-config>
</c3p0-config>
